route_id,station,stops,route_score,actual_time,nn_time,optimized_time,actual_improvement,nn_improvement,runtime_seconds
RouteID_2112d837-cf95-464d-bea4-7656648007b5,DSE2,108,High,5870.800000000001,5627.5,5449.2,7.181304081215528,3.168369613505112,0.036314583999995875
RouteID_3b9f3471-7f84-4452-864f-81340bd2387b,DCH4,180,High,11989.399999999994,12546.199999999997,11998.9,-0.07923665904887202,4.362277024118837,0.2328230419999997
RouteID_087636e9-8cd9-4bb4-b9c8-957b843bbca2,DBO3,161,High,14241.899999999998,15192.000000000002,13603.2,4.484654435152594,10.45813586097947,0.28094329200000345
RouteID_fec86722-74d0-458a-ab33-4ed62eed5caf,DBO2,134,Medium,8915.3,8887.1,8604.9,3.481655132188481,3.1753890470457264,0.04732212500000088
RouteID_751a2d3d-3705-4beb-b3e1-c43b9be18462,DSE5,125,Medium,14789.399999999996,16215.4,15167.5,-2.556560780018149,6.462375272888734,0.12070574999999906
RouteID_6981c236-f07d-4813-96d8-64982d5dcfd8,DLA7,169,Medium,10690.500000000004,11250.400000000005,9595.2,10.245545110144546,14.712365782549986,0.36624216600000636
RouteID_623109ad-3da5-4e0e-acc8-b8defb63e463,DBO2,170,Medium,9817.699999999999,9810.600000000002,9349.6,4.767919166403522,4.698999041852708,0.11744424999999836
RouteID_453c9b75-6341-4f85-a47d-ed0c51a5cb16,DLA7,151,High,9730.500000000005,10373.3,9424.0,3.149889522635068,9.151379021140807,0.2524920420000001
RouteID_fd008e16-b033-4fc6-8e76-e5d809a1e90a,DLA9,151,High,9530.400000000005,9884.200000000008,9104.9,4.46466045496522,7.8843001962729184,0.22568029199999984
RouteID_38746ae1-5f43-4784-b760-8b266d9d713d,DLA9,133,High,10606.300000000005,10613.199999999995,9656.6,8.954112178610863,9.01330418723849,0.19042308299999888
RouteID_e8543ce8-6172-4afe-9962-ac0bba9e5462,DLA9,153,Medium,10736.500000000005,11779.100000000004,10731.8,0.04377590462446963,8.891171651484447,0.23812854200000544
RouteID_fe75ed88-b7ab-4f98-b0df-cb3132e1e705,DSE4,142,Medium,10133.300000000001,10410.799999999997,9854.6,2.7503379945328836,5.342528912283371,0.20074520800000073
RouteID_d0da14b8-a995-4b91-9428-40a98ecbe141,DLA8,146,Medium,10596.600000000002,11062.000000000005,10103.7,4.651491987996162,8.662990417646034,0.2673531670000031
RouteID_333f4358-d0de-4651-accf-82ab23e49577,DSE5,128,Medium,8019.400000000001,8069.799999999999,7900.7,1.480160610519499,2.095467049988841,0.054380375000000925
RouteID_dfaac97b-424c-4787-8651-825ed11f070d,DSE4,134,High,10262.0,10846.9,10124.0,1.3447671019294485,6.664576975910165,0.17095691699999804
RouteID_a7a173a0-7e09-40af-b407-460948a4ca69,DLA7,165,High,11231.399999999989,12219.900000000001,11277.1,-0.4068949552149481,7.715284085794491,0.1454735840000012
RouteID_0aa7e7aa-97d6-4614-882e-4e24f0790a0e,DBO3,165,Medium,15205.600000000006,15830.000000000002,14745.5,3.0258588940916873,6.850915982312077,0.3716975839999961
RouteID_09e7344a-c5e3-453b-a18e-a0534a75344b,DSE5,176,Medium,10997.400000000001,12162.499999999998,11312.6,-2.8661319948351327,6.987872559095563,0.23073883300000375
RouteID_3552afd7-508a-4c67-992b-7716e297c97d,DLA7,124,High,11391.799999999994,10254.1,9639.5,15.38211696132301,5.993700080943236,0.06390170799999595
RouteID_60a8e1b4-21a4-4dac-831b-8648ec597412,DSE5,109,High,12719.699999999995,13277.499999999996,12442.5,2.179296681525471,6.2888344944454655,0.09447933399999897
RouteID_659348ac-0b6f-4438-8e55-efebeb3e8cf6,DLA9,184,High,8936.299999999997,10366.100000000002,8739.9,2.197777603706208,15.687674245859121,0.2950172500000008
RouteID_c3f0b68b-dc52-411b-85af-ce62e7250033,DSE4,112,Medium,8258.8,8649.099999999999,8235.7,0.2797016515716393,4.7796880600293425,0.05904199999999804
RouteID_e39ea4ce-c0bd-4661-a34a-ec77218270e1,DSE5,108,High,6651.600000000001,7081.400000000003,6703.9,-0.7862769859883089,5.33086677775586,0.058941208999996775
RouteID_08d77c2d-b0ce-4658-94c1-712451e916b8,DLA7,169,High,9453.200000000003,9821.899999999998,8999.0,4.804722210468439,8.378216027448843,0.44249112499999654
RouteID_d5cb6c4f-9822-4aba-9fff-f10efebfcc5f,DBO1,107,High,6673.799999999997,7272.200000000003,6890.0,-3.2395336989421715,5.255631033249944,0.03412545899999486
RouteID_5a1e4624-a5c7-4e5d-af12-293b1feb5d9a,DLA9,116,Medium,9733.199999999995,8721.199999999999,8413.4,13.55977479143546,3.5293308260331067,0.03828645799999464
RouteID_f669d063-4778-4a73-a5a5-558e3e53a87f,DCH4,157,Medium,12260.599999999999,12996.9,11738.0,4.262434138622895,9.686155929490877,0.23285183399999454
RouteID_24e0df13-8cdd-4b3e-bb2d-ef647e24e315,DCH3,188,Medium,13114.5,13675.499999999998,12132.8,7.48560753364597,11.2807575591386,0.3861679580000015
RouteID_f13b27b8-c37c-44c0-8615-7361411a8776,DCH1,161,High,8186.000000000002,8261.599999999999,7847.1,4.139995113608617,5.017187953907213,0.19048179199999993
RouteID_d0ac5274-5a70-41fb-a8ed-a87174714507,DLA9,118,High,11073.799999999997,11225.999999999996,10786.7,2.5926059708500855,3.913237128095455,0.07973587499999724
RouteID_a6a8fe73-f66b-40aa-8142-ca2bf42e1099,DSE5,106,Low,10645.999999999996,10854.000000000002,9467.6,11.068946083035849,12.77317118113139,0.11204204199999879
RouteID_612058d3-5465-49e4-b0c5-0493523b3358,DBO2,81,High,6241.9,5113.4,5015.9,19.64145532610263,1.9067548011108069,0.01935666699999672
RouteID_afedc532-0295-4a28-9443-0ee4cec5d2b8,DCH4,175,High,10870.50000000001,11921.599999999999,10854.8,0.14442757922827662,8.948463293517642,0.25830008399999826
RouteID_df426646-69fa-4bf8-8160-86dd53824eaf,DAU1,161,High,12784.900000000007,12109.900000000001,11318.0,11.473691620583706,6.53927778098912,0.22472541700000193
RouteID_761a0e75-6121-46ac-9457-1be412f26f41,DLA8,137,Medium,13401.599999999999,12935.300000000001,12013.6,10.356972301814697,7.125462880644442,0.16149058399999916
RouteID_01d0b1c1-2379-49b8-a24f-db0ae01fb2be,DLA4,202,Medium,12234.999999999993,12290.300000000003,11673.5,4.58929301185119,5.018591897675425,0.3089613339999957
RouteID_4be756fe-f03d-40e1-a1fe-09c45c8b608f,DCH4,179,Medium,15446.200000000003,15419.999999999996,15052.8,2.5469047403245018,2.3813229571984253,0.22870762500000552
RouteID_f0597a23-c48e-43e9-b52c-994019f852f7,DBO2,114,Medium,11542.600000000006,10317.600000000002,10217.2,11.482681544885939,0.9730945181049996,0.021685666999999853
RouteID_a7e02343-0d01-4dfa-bcd4-4614d0a7332d,DLA3,153,Medium,10281.599999999999,9913.699999999999,9348.9,9.07154528478057,5.69716654730322,0.17346308299999436
RouteID_8bef849e-27b4-4ffb-a580-fa79524a9ae9,DSE5,143,Medium,11935.099999999995,12187.500000000002,11294.3,5.369037544720999,7.328820512820533,0.2301654589999984
RouteID_75d8bf01-7cc2-4d50-9323-61ea565a8d0d,DSE4,131,Medium,9907.49999999999,10982.699999999997,9708.9,2.004542013625955,11.598240869731468,0.23813170900000102
RouteID_4a68c371-bd49-4327-a798-88c0a62f03f7,DLA7,167,Medium,10433.600000000004,10324.100000000004,9976.5,4.381038184327593,3.36687943743284,0.1295701660000006
RouteID_5f9e2b55-0d2d-4604-9914-2f7ee9ce4d93,DBO1,151,Medium,9017.999999999996,9037.800000000001,8488.2,5.874916833000619,6.081125937728212,0.16428925000000305
RouteID_8acd44a4-0c69-4b62-847a-af10858a649b,DLA5,214,Medium,13654.799999999996,14305.300000000001,13667.9,-0.09593695989691542,4.455691247299962,0.3358527500000008
RouteID_386144ab-ba26-413b-8644-8c88db55b042,DSE5,174,High,14903.099999999993,16701.2,14636.4,1.789560561225474,12.363183483821528,0.4361297499999992
RouteID_353863a5-53c6-4bd7-922a-dcebe40d5a2d,DBO3,182,Medium,15078.300000000003,17549.8,16437.9,-9.01693161695946,6.335684737147989,0.32515129200000104
RouteID_9a004aa7-847f-4155-8311-0bce7f78d5f6,DLA7,167,High,11805.2,12508.099999999999,11555.4,2.116016670619736,7.616664401467841,0.29460562499999554
RouteID_365dcd65-1bcd-4089-a25f-5d63767c66a8,DAU1,160,High,13213.699999999997,10855.299999999997,10006.4,24.272535323187284,7.820143155877755,0.2521322500000025
RouteID_926ea36e-50d9-4bac-8726-01280665e073,DLA7,148,Medium,11660.299999999997,12095.399999999998,11506.4,1.3198631253055055,4.869619855482235,0.15191437499999694
RouteID_8d59264d-2df7-4593-a53b-5805e949c039,DLA8,151,Medium,10111.999999999996,9628.399999999996,9181.9,9.19798259493668,4.637322919695864,0.21793287499999536
RouteID_e43dbb45-d698-410c-b794-59d6397a3dc3,DBO2,144,Medium,9717.699999999997,10065.6,9399.2,3.277524517118212,6.620569066920995,0.1352694169999964
RouteID_71177cbe-ef30-4ef0-949e-9368363a97a2,DLA9,117,High,8227.599999999997,7586.900000000006,7355.0,10.605765958481173,3.056584375700297,0.03582679099999808
RouteID_0ea7aa41-f026-4aee-8379-8099b94aff6b,DLA8,142,High,8782.599999999999,8900.500000000002,8185.5,6.798670097693151,8.033256558620321,0.18821787499999942
RouteID_fa90bf0c-2608-4ef9-bf60-89123fdd444e,DLA7,147,Medium,12127.000000000013,11744.1,10844.3,10.577224375360865,7.66171950170725,0.24478066700000056
RouteID_b3debc51-3e9c-442e-a1e8-564654cc83e1,DLA7,164,Medium,11027.599999999995,11210.3,10475.7,5.004715441256433,6.552902241688435,0.214515083000002
RouteID_cd3bb014-746f-4c73-9199-ee94c3b611f4,DBO3,177,High,14225.400000000005,16050.300000000001,14155.5,0.49137458349153673,11.805386815199721,0.34472533300000663
RouteID_403116dc-8cac-4e95-a1c2-9a3eff73db3a,DSE5,185,Medium,11209.600000000002,12734.800000000005,12222.3,-9.03422066799883,4.0244055658510955,0.28167387499999563
RouteID_99494287-3d51-424b-85da-1e7e1e92d26b,DCH4,157,High,11539.299999999996,12300.599999999999,11737.6,-1.7184751241410205,4.5770125034551015,0.18641749999999746
RouteID_312f9a06-70c3-413c-8658-ec121b053ca3,DSE5,153,High,13653.800000000007,15004.500000000004,12857.4,5.832808448930016,14.30970708787366,0.2660585419999961
RouteID_d2adf008-7db7-4b21-a949-3e6db7608e5d,DLA7,135,Medium,9645.600000000002,9487.599999999995,9037.1,6.3085759309944605,4.74830304818916,0.09755670899999558
RouteID_7b40b6d3-6afb-4943-9047-262ac9b7b8a5,DAU1,151,Medium,9247.3,8165.700000000002,7947.0,14.061401706444038,2.67827620412214,0.10372804100000366
RouteID_1cfa272e-cb3d-4ea4-9cac-dc6dc356d7f0,DLA7,197,Medium,9828.299999999997,10102.899999999998,9078.9,7.624919874240693,10.13570360985458,0.5590565409999968
RouteID_1920a6ac-6a01-4350-8751-007fc5cb043e,DLA7,121,Medium,9289.599999999999,9361.2,9115.2,1.8773682397519575,2.6278682220228173,0.06249704199999684
RouteID_934c76ca-845b-4463-b8d5-3104e6d3bacc,DLA7,169,Medium,10635.199999999999,11048.300000000001,10279.6,3.343613660297865,6.957631490817598,0.30188954200000495
RouteID_db3c0395-e7bd-43fc-9ec1-7fe9a4e8cc30,DLA9,143,High,9355.900000000001,9484.199999999995,8960.4,4.227279043170638,5.522869614727608,0.13561383300000074
RouteID_57d6793b-e49b-478d-9acd-9d60d5ee5406,DBO3,153,Medium,14376.799999999997,16562.8,14606.7,-1.5991041121807585,11.810201173714582,0.2794407089999993
RouteID_f21cb00a-fe28-4a72-bc67-1f620a7cad1a,DBO3,170,Medium,13998.799999999996,15054.999999999993,14020.2,-0.15287024602112395,6.873463965459931,0.29341016700000466
RouteID_2e99e6e2-f0d3-48c4-a948-f4e3907a42a3,DSE5,164,Medium,11694.199999999995,12518.599999999997,11047.7,5.528381590874064,11.74971642196409,0.2789282079999964
RouteID_0f78fe4f-5f36-4f8a-8be0-d47faaa943ba,DBO3,132,Medium,12582.000000000004,11509.0,11184.4,11.107931966301093,2.8204014249717644,0.07724775000000506
RouteID_28dcb8b9-9444-4a04-882d-89671af4ebb3,DBO3,159,Medium,12644.500000000005,13035.2,12370.3,2.1685317727075493,5.100803976924032,0.1806261249999963
RouteID_63642a5f-f946-4dbc-8bc8-15bef17921b1,DLA7,159,Medium,12022.999999999993,11603.799999999996,11270.3,6.260500706978241,2.8740584980781856,0.13350058400000364
RouteID_7a392304-fabd-403f-9932-9eb6416472cf,DSE5,138,High,11585.700000000004,12797.300000000003,11910.6,-2.8043191175327853,6.928805294866905,0.19521025000000236
RouteID_317a9c56-1b7d-4f57-8239-02e583f112ab,DCH1,119,Medium,11294.700000000003,10652.199999999999,10414.5,7.793035671598204,2.2314639229454847,0.029417250000001616
RouteID_65a336ab-f388-4cdb-9d5a-23bbd388553e,DLA8,110,High,10238.699999999995,11167.299999999996,10693.7,-4.443923544981352,4.2409534981597625,0.05710845800000186
RouteID_37de9947-2631-41f9-946f-775e94b8a806,DLA8,106,Medium,5827.9000000000015,5231.9000000000015,4929.9,15.408637759741959,5.772281580305467,0.07019241700000123
RouteID_9a0297d1-0be0-4cfc-982d-35c012674c2a,DCH3,185,High,13551.899999999994,13434.39999999999,12875.3,4.992657856093944,4.16170428154582,0.2086044580000035
RouteID_760c0026-84d3-4307-89ad-956b34917123,DBO3,164,High,14299.600000000002,15067.6,13489.8,5.663095471202011,10.471475218349314,0.43597508399999896
RouteID_b224c8d2-65a0-4f01-b004-d5dacaab1643,DLA4,81,High,6349.699999999999,6058.0,6029.6,5.041183048017994,0.468801584681407,0.006553667000005703
RouteID_1f7efc30-c2a1-4f42-89d6-c65228170bd4,DLA9,163,Medium,8874.700000000003,9639.3,8517.9,4.020417591580592,11.633624848277362,0.20983279200000027
RouteID_9449c1fc-e39a-4103-8b6d-9a47d6fb7399,DBO3,132,Medium,12706.199999999997,13620.9,12982.7,-2.176103004832316,4.685446629811532,0.11120495799999475
RouteID_4d258d43-b053-4f00-96ef-55bb58cca10a,DCH4,162,High,12395.099999999999,14363.7,12065.1,2.6623423772296975,16.00284049374465,0.3421324999999982
RouteID_95ff1d01-97f7-4b15-8a1a-19ed5ded8f5e,DLA8,130,High,7153.499999999999,6828.099999999998,6506.7,9.041727825539937,4.707019522268244,0.11341687499999864
RouteID_91864102-5fd3-473c-add6-1391e28c399e,DBO3,154,High,12841.7,13493.000000000007,12997.0,-1.2093414423323958,3.675980137849307,0.10065362499999964
RouteID_5d3893c7-c410-486c-8f51-42f70942c376,DAU1,139,High,12530.599999999997,12162.199999999995,11425.4,8.82000861890091,6.05811448586601,0.165989708000005
RouteID_2b8df66d-fcd4-438e-931c-3b84b36a5c6b,DLA9,133,Medium,11598.699999999997,11294.199999999999,10537.4,9.150163380378816,6.700784473446541,0.1446497089999994
RouteID_724f766b-f79f-4c5c-942f-b0b3873d9cd1,DLA7,138,Medium,10669.299999999997,11007.30000000001,10389.2,2.6252893816838667,5.615364349113851,0.10223929200000015
RouteID_f1566ecc-d1f9-4bbd-a8c2-c184e35229e4,DBO2,75,High,8033.999999999999,7369.499999999999,7369.5,8.27109783420462,-1.2341335257112807e-14,0.0019972919999986516
RouteID_eb092c67-431e-4a2d-8739-1fa47e39dde4,DLA8,143,High,10332.499999999995,11241.300000000005,10523.7,-1.8504718122429837,6.3836033199007565,0.20040516699999955
RouteID_2453faf2-7901-441e-ae16-14c5539a1b87,DSE2,111,High,6683.199999999999,6075.400000000001,5912.3,11.534893464208745,2.684596898969621,0.04057308299999818
RouteID_2f294cce-319c-40be-9a67-54cfa1a985a2,DLA5,175,Medium,12685.3,12765.200000000004,12173.9,4.031437963627188,4.632124839407173,0.2862735830000034
RouteID_e6687a05-2453-4edc-b86c-7558ab6d93f6,DSE4,105,High,6219.700000000003,6630.200000000003,6402.1,-2.932617328810035,3.440318542427108,0.026436457999999163
RouteID_1f421293-d24b-437e-886d-f976e2b269ff,DLA3,160,Medium,10367.200000000006,10137.999999999998,9773.9,5.722856701906071,3.591438153481935,0.08298170799999838
RouteID_5030cbc4-ff0d-41eb-9659-6f7a1b03a434,DCH4,194,High,14221.9,15467.000000000002,14170.4,0.36211757922640436,8.383008986875296,0.4876197919999967
RouteID_cc9e46cd-1247-4610-812d-ce43f32ae8f3,DCH4,193,Medium,14512.700000000008,15975.100000000004,15296.8,-5.402854051968213,4.245982810749257,0.20588079100000556
RouteID_fa717416-921d-42a9-9719-81b9a7ec3491,DLA9,119,Low,8714.599999999997,8859.199999999997,7919.0,9.129506804672584,10.612696405995997,0.13505879199999526
RouteID_698161d4-50bb-4b9c-916f-9859a2ef3235,DLA5,161,Medium,12057.999999999996,11782.999999999996,10670.9,11.503566097196858,9.438173639989792,0.29666395800000345
RouteID_4d57edec-1cea-482c-9e00-1748e3e08b21,DLA3,108,Medium,10739.200000000003,11150.600000000004,9910.3,7.718452026221721,11.123168260003984,0.07830695799999887
RouteID_b4e3992d-6211-415f-b416-94ec8810bcd9,DLA9,107,High,9055.199999999993,8964.099999999999,8277.1,8.592852725505717,7.663903794022805,0.07498424999999997
RouteID_99d1e882-493e-4c54-bc45-24486130bdc2,DSE4,215,Medium,11786.900000000005,13130.599999999995,12102.3,-2.6758520051921546,7.831325301204789,0.6623921250000038
RouteID_73b0b410-8c10-4d67-9a66-f21692cc102d,DCH1,171,Medium,12387.199999999993,12805.900000000003,12289.2,0.7911392405062709,4.034858932210953,0.22868025000000358
