route_id,station,stops,actual_time,current_time,hybrid_time,current_improvement,hybrid_improvement,hybrid_source
RouteID_12e6f73f-cf81-4707-8600-abd206b142f8,DLA7,143,11173.799999999994,10850.30000000001,10685.800000000001,2.8951654763821066,4.367359358499284,historical_2opt
RouteID_728eb77b-0bba-4690-81b7-e6cf193bcc13,DLA7,168,10802.499999999985,10617.399999999998,10252.099999999991,1.713492247164896,5.095116871094607,historical_2opt
RouteID_3360a020-8666-4eda-8748-0d6b64d33f9f,DLA7,121,8042.500000000001,7620.2,7620.2,5.250854833696003,5.250854833696003,nn_2opt
RouteID_a342a633-5403-42e9-932b-154ab20d07f7,DCH4,198,15918.999999999996,15755.099999999995,15336.299999999987,1.029587285633529,3.66040580438476,historical_2opt
RouteID_721eb5a6-2aa7-4778-861f-5fef4956993c,DAU1,149,10369.699999999999,9627.099999999999,8916.400000000001,7.161248637858381,14.014870246969513,historical_2opt
RouteID_3a02237f-90ef-4a9e-9a98-4bdbf34d39e4,DLA7,175,13064.400000000007,12747.700000000003,12087.900000000005,2.4241450047457533,7.474510884541206,historical_2opt
RouteID_0cbb00a7-62b1-452c-83f1-a787e616582b,DLA3,90,10502.799999999997,9887.500000000004,9787.899999999996,5.858437749933294,6.806756293559828,historical_2opt
RouteID_99adc175-b49c-48a4-bf5b-89c9551303bb,DLA3,91,8398.599999999997,8039.100000000002,7878.499999999998,4.280475317314727,6.192698783130507,historical_2opt
RouteID_cd3bb014-746f-4c73-9199-ee94c3b611f4,DBO3,177,14225.400000000005,14155.49999999999,13911.200000000004,0.4913745834916007,2.208725237954649,historical_2opt
RouteID_d61ca0a7-23f8-4e6c-8b42-cad4ada5bd0c,DCH4,173,12637.799999999992,12187.400000000007,11846.200000000003,3.5639114402822116,6.263748437227918,historical_2opt
RouteID_89a6b9f3-0aa8-4b26-b498-12071565df3a,DLA9,123,10004.800000000005,8620.5,8456.699999999997,13.836358547897051,15.473572685111215,historical_2opt
RouteID_8c005ecc-7109-4de9-8dfb-89eb4d578209,DSE5,153,13399.4,12797.800000000007,12797.800000000007,4.48975327253454,4.48975327253454,nn_2opt
RouteID_12ab4291-ccff-4378-8c2e-c6cd5a7d29ce,DLA7,151,10688.500000000007,10587.4,9743.899999999998,0.9458764092249387,8.837535669177235,historical_2opt
RouteID_4be756fe-f03d-40e1-a1fe-09c45c8b608f,DCH4,179,15446.200000000003,15052.799999999996,14133.400000000003,2.5469047403245253,8.499177791301413,historical_2opt
RouteID_43a9d332-6915-46c5-9862-15a868e84038,DLA7,152,11033.599999999995,11352.4,10256.600000000002,-2.8893561484919235,7.042125870069543,historical_2opt
RouteID_8b1ac997-8fb4-4db3-a8fe-c7ec5acbbbfd,DCH3,188,13600.399999999998,13454.999999999995,12905.900000000001,1.0690862033469846,5.106467456839479,historical_2opt
RouteID_d5b97d80-d3bc-441c-b848-c551bfec0368,DLA9,116,9944.0,9244.5,9211.999999999998,7.03439259855189,7.36122284794853,historical_2opt
RouteID_8a2245b0-5630-41fa-813c-ccae7393c460,DSE4,106,7182.500000000001,6280.200000000002,6280.200000000002,12.562478245736152,12.562478245736152,nn_2opt
RouteID_f150fbbb-e8d6-44e0-aa75-1511091912e5,DLA9,126,8017.700000000001,7571.9,7571.9,5.560198061788307,5.560198061788307,nn_2opt
RouteID_698d4944-3164-41c6-bad8-f9d5ece358cc,DCH3,178,13516.499999999987,12927.600000000004,12550.799999999988,4.3568971257350935,7.144601043169459,historical_2opt
RouteID_4d763cb6-27c4-4f87-aca7-4b66ecf04c1d,DSE2,147,9897.999999999998,9720.600000000008,9094.7,1.7922812689431256,8.115780965851663,historical_2opt
RouteID_0074e307-23c1-4b15-afa2-e58b45e4403c,DCH1,161,10424.900000000001,9709.500000000002,9501.300000000003,6.8624159464359336,8.85955740582642,historical_2opt
RouteID_ac30fdb7-71d5-4e47-a374-ac20aad7595a,DLA7,182,12362.900000000003,12833.800000000001,11565.499999999998,-3.8089768581805052,6.449942974544847,historical_2opt
RouteID_3383825c-e42c-42cb-b4fb-9c992d79e3d7,DLA7,166,11678.899999999998,11964.800000000003,11210.999999999993,-2.448004520973766,4.006370462971728,historical_2opt
RouteID_e262c552-2540-48d7-a3ee-0987fdc4c991,DCH4,206,15849.800000000001,14684.899999999996,14007.199999999997,7.349619553559067,11.625383285593534,historical_2opt
RouteID_98de542d-eacf-485a-9b4c-a4eb33a1f855,DCH4,175,12222.399999999998,12448.399999999998,11898.500000000004,-1.8490640136143477,2.650052362874675,historical_2opt
RouteID_2eb0bcbf-d7ec-4017-a2f2-d244f0e74f97,DSE4,170,11216.199999999995,10490.699999999997,10490.699999999997,6.4683226048037525,6.4683226048037525,nn_2opt
RouteID_01e90207-8d40-4ea8-a766-e8fc349171bd,DLA7,171,11243.099999999995,10383.600000000008,10383.600000000008,7.644688742428579,7.644688742428579,nn_2opt
RouteID_839e5692-02f8-4483-9eaa-e12ed842d631,DCH2,94,7534.200000000001,5951.300000000001,5951.300000000001,21.00952987709378,21.00952987709378,nn_2opt
RouteID_fb92a892-8d66-442e-bd95-e82d95900397,DLA7,163,10925.600000000006,10591.399999999998,10264.700000000006,3.0588709086915853,6.049095701837879,historical_2opt
RouteID_afabf63c-118e-4234-82f4-57789c1897ee,DLA8,148,14012.699999999995,12653.900000000007,12653.900000000007,9.696917795999264,9.696917795999264,nn_2opt
RouteID_3836378f-6f01-413a-85b6-36fa805bf264,DSE2,117,6832.999999999995,6594.999999999998,6594.999999999998,3.483096736426129,3.483096736426129,nn_2opt
RouteID_0ee35cc6-e564-47d0-a3e4-f8a1c3a14622,DSE5,145,10455.300000000008,10297.300000000001,9723.300000000001,1.5111952789495007,7.001233823993637,historical_2opt
RouteID_353863a5-53c6-4bd7-922a-dcebe40d5a2d,DBO3,182,15078.300000000003,16437.900000000005,14561.500000000005,-9.016931616959484,3.427442085646242,historical_2opt
RouteID_2abe9f9e-820b-4bbf-91df-28eb3937007e,DCH3,177,16936.499999999996,15745.699999999997,14787.199999999995,7.0309686180733895,12.690343341304292,historical_2opt
RouteID_464576f3-ed2d-4797-995c-238c0a0f09ab,DSE5,157,14113.900000000001,13138.3,13131.8,6.912334648821389,6.958388538958063,historical_2opt
RouteID_40b5e511-650b-44e0-8748-4cf6ed6eaa94,DSE4,170,12712.699999999993,11763.3,11763.3,7.468122428752308,7.468122428752308,nn_2opt
RouteID_07640d94-d311-4121-b3fb-428b108a0df2,DCH4,195,12494.000000000002,12600.099999999997,11986.99999999999,-0.8492076196573948,4.057947814951263,historical_2opt
RouteID_7adc8546-c8f4-4ca2-bc3a-eed19d2d180c,DSE5,160,13090.699999999997,11790.999999999996,11790.999999999996,9.92842246785887,9.92842246785887,nn_2opt
RouteID_aa76ad4e-a9d4-40c5-a70e-82a85b160ada,DLA9,163,12071.299999999992,11471.999999999996,11353.49999999999,4.9646682627388605,5.946335523100259,historical_2opt
RouteID_da0dfec9-0486-488c-a5f1-b790e26ef4b4,DCH3,189,12103.599999999999,12566.100000000002,11191.300000000003,-3.8211771704286637,7.537426881258432,historical_2opt
RouteID_b9bd35bd-444f-48fb-8345-5e8f74d241c6,DCH1,214,13580.299999999996,13295.999999999998,13001.699999999992,2.093473634603047,4.260583344992409,historical_2opt
RouteID_71546245-1996-4b5e-8d25-ba474b53356b,DLA9,155,11557.800000000007,10965.599999999997,10810.600000000004,5.123812490266396,6.46489816401047,historical_2opt
RouteID_b72969cb-17a6-4833-90d7-264ea0dda21a,DLA7,161,10224.299999999996,9199.2,8963.799999999996,10.026114257210716,12.328472364856278,historical_2opt
RouteID_0c5a8256-913c-40f4-999e-b425a01f4c86,DCH1,84,6138.799999999999,6167.699999999998,5934.599999999999,-0.4707760474359603,3.32638300645077,historical_2opt
RouteID_7fb2b192-e65a-4dce-8e7f-aabe0ced87c0,DCH2,66,5927.0999999999985,5464.099999999999,5464.099999999999,7.811577331241234,7.811577331241234,nn_2opt
RouteID_8d0c62ac-2c24-4477-9f76-0534097e805d,DLA9,147,9777.200000000003,9567.700000000006,9422.199999999997,2.142740252833084,3.6308963711492592,historical_2opt
RouteID_c91c698c-f263-400d-92a3-804df1817d0f,DSE5,155,12280.700000000004,12020.899999999992,12020.899999999992,2.115514587930752,2.115514587930752,nn_2opt
RouteID_bbc5596b-4a7c-45d7-a184-6457697a11a7,DCH2,157,13706.199999999999,10133.300000000003,10133.300000000003,26.067764953086897,26.067764953086897,nn_2opt
RouteID_5c5ea7c7-5dc3-4797-9d34-7de282df4818,DBO3,180,10679.699999999997,10491.000000000004,10348.400000000001,1.7669035647068128,3.102147064056066,historical_2opt
RouteID_e63677d8-be76-4b0c-984d-ced681a9f03f,DBO3,176,14556.900000000003,13191.199999999999,13191.199999999999,9.381805192039542,9.381805192039542,nn_2opt
RouteID_20c5ae7f-6d83-402c-9832-b3483ff5e2e4,DSE4,178,14097.200000000004,12081.899999999998,11540.800000000001,14.295746673098245,18.1340975512868,historical_2opt
RouteID_cab83bc1-f3b0-409d-9a19-43d65c4dfc9b,DCH3,195,14064.800000000005,13420.8,13412.299999999997,4.578806666287507,4.639241226323922,historical_2opt
RouteID_d6f2913b-61a1-4705-8180-71c6bc452105,DCH4,156,13306.199999999992,11271.899999999998,11271.899999999998,15.288361816296126,15.288361816296126,nn_2opt
RouteID_836aa6fd-a15e-4d50-91af-e0a4aaafb288,DCH2,182,8682.3,7923.4,7833.200000000004,8.740771454568486,9.779666678184293,historical_2opt
RouteID_03b34f91-9374-40a1-a9f6-b7401c8fa544,DLA9,151,10189.200000000003,9495.300000000001,8662.300000000001,6.810151925568261,14.985474816472355,historical_2opt
RouteID_a02de582-88ca-49da-bf2a-51814398c196,DLA7,144,11509.199999999995,10903.899999999994,10775.899999999998,5.259270844194221,6.3714245994508545,historical_2opt
RouteID_23e678b0-6142-4dc4-9738-0c5662c2b0f9,DSE2,125,5844.900000000001,5787.899999999999,5372.600000000002,0.9752091567007446,8.080548854556934,historical_2opt
RouteID_c6c5ca37-ea99-48ef-a464-57384c658063,DBO2,144,10353.500000000002,9252.499999999998,9252.499999999998,10.634085091997909,10.634085091997909,nn_2opt
RouteID_ab991d03-ebe3-4a09-9743-5d2213698395,DLA5,151,10663.499999999998,10641.1,9836.100000000002,0.21006236226377661,7.7591785061189675,historical_2opt
RouteID_eb48f9eb-fbee-4f49-b911-1e7d2b7ae8ca,DBO2,152,10367.199999999995,10610.999999999998,9819.699999999995,-2.3516475036654354,5.28107878694344,historical_2opt
RouteID_ce140e5a-1140-443d-a27e-f01bc6bcca18,DCH3,186,12171.199999999995,11588.900000000003,11588.900000000003,4.784244774549693,4.784244774549693,nn_2opt
RouteID_20a8a68b-62ad-4e65-802d-c3c293bd03d3,DCH4,155,11979.900000000003,10664.099999999993,10664.099999999993,10.983397190293823,10.983397190293823,nn_2opt
RouteID_2aa52b16-af1e-4071-a9f8-ea2a327aae64,DCH3,184,12455.699999999999,12158.600000000006,12021.600000000004,2.3852533378292113,3.485151376478198,historical_2opt
RouteID_e20571c7-de1a-47f1-98e7-fded3e542bf7,DLA9,192,11332.300000000001,11229.100000000002,11038.199999999997,0.9106712670861069,2.5952366245158,historical_2opt
RouteID_bc8ecfda-fbba-4b90-8c38-b47d5a568acc,DBO3,171,15807.599999999995,15071.699999999993,14606.899999999996,4.6553556517118455,7.595713454287807,historical_2opt
RouteID_c8ecde3b-a303-4858-bef5-65941227aa05,DSE5,137,11157.999999999995,10559.599999999997,10162.800000000001,5.362968273884191,8.91916113998919,historical_2opt
RouteID_2b1615e2-8fdd-4de2-86c5-5b56f663d539,DLA7,163,10154.900000000003,9556.300000000005,9556.300000000005,5.894691232803852,5.894691232803852,nn_2opt
RouteID_a6a8fe73-f66b-40aa-8142-ca2bf42e1099,DSE5,106,10645.999999999996,9467.599999999995,9467.599999999995,11.068946083035899,11.068946083035899,nn_2opt
RouteID_97818239-52ee-475d-8695-031fd5bf7e08,DLA7,111,10241.199999999997,9372.899999999994,8932.500000000002,8.478498613443767,12.778775924696282,historical_2opt
RouteID_c59b212c-70dc-42c7-b547-6c4b5697a2d8,DBO2,162,13394.9,13352.1,12604.799999999992,0.31952459518174287,5.898513613390228,historical_2opt
RouteID_0aa7e7aa-97d6-4614-882e-4e24f0790a0e,DBO3,165,15205.600000000006,14745.499999999996,14470.5,3.0258588940917113,4.834403114642011,historical_2opt
RouteID_238f97ca-a9ce-49fb-a2e4-de9aec626872,DLA7,120,8920.000000000005,8235.299999999997,8099.5999999999985,7.67600896860995,9.197309417040431,historical_2opt
RouteID_5404e6dd-2459-4f3d-a153-681d420c3c7e,DLA7,176,12418.8,10879.3,10601.400000000001,12.396527844880344,14.634264180114004,historical_2opt
RouteID_f95de58b-6dde-4f1f-8b5b-616dd48a8244,DLA9,136,8864.300000000003,8442.500000000005,8080.200000000007,4.758412959850155,8.845594124747533,historical_2opt
RouteID_321d7c0c-dcac-4fb2-aae2-7d83706b5bdc,DLA7,132,10125.0,10180.500000000004,9464.899999999998,-0.548148148148184,6.519506172839527,historical_2opt
RouteID_bcac0be6-69fc-4225-9e4b-a69c64019387,DLA9,122,8665.400000000001,7813.599999999997,7620.899999999999,9.829898215893145,12.053684769312467,historical_2opt
RouteID_28044da1-d2cd-43b8-ae84-9611bdcdd4f9,DSE4,172,13672.500000000004,12768.799999999997,12473.8,6.609617846041367,8.76723349789727,historical_2opt
RouteID_70476a4b-f0de-4536-a0c6-b4e48e45e687,DAU1,138,12617.29999999999,11733.8,11733.8,7.002290505892636,7.002290505892636,nn_2opt
RouteID_4fa6359b-652b-44e1-b287-3e3dc4d8c6d3,DCH3,202,12564.400000000001,11750.70000000001,11393.299999999997,6.476234440164206,9.320779344815541,historical_2opt
RouteID_8a5eb63b-c25d-4ea9-b9f9-989dba64695d,DLA7,185,9191.600000000002,9477.100000000002,8667.300000000003,-3.106096871056181,5.70412115409721,historical_2opt
RouteID_8b114f81-bd37-4475-ad9f-c0ad2e38f1f7,DSE4,162,11885.0,11585.299999999997,10988.799999999997,2.521665965502756,7.540597391670194,historical_2opt
RouteID_d3c4cb0a-2416-4011-b3aa-670b0cea5ce2,DLA3,77,5546.6,4676.4,4401.9,15.688890491472266,20.637868243608708,historical_2opt
RouteID_9dbeee2b-07a9-4cbc-8a38-df0b916ceae8,DSE4,106,7115.900000000001,7485.300000000001,6846.699999999998,-5.191191556935883,3.7830773338580155,historical_2opt
RouteID_2fac13dc-55f3-4a80-82a8-22418dcfa54c,DLA8,140,7574.299999999998,7693.3,7362.399999999999,-1.5711022800787116,2.7976182617535574,historical_2opt
RouteID_f8aff7d4-5ef1-467b-88f2-67d1da0cabfe,DAU1,131,7396.700000000001,6734.599999999999,6734.599999999999,8.951289088377266,8.951289088377266,nn_2opt
RouteID_b326406f-7851-4605-9c0e-00c57be89d22,DBO3,150,12885.600000000004,11829.500000000002,11706.699999999999,8.19597069597071,9.14897249643016,historical_2opt
RouteID_9c81ecc5-fac0-414c-9a4d-be7501066e7c,DCH3,183,11246.700000000008,10570.799999999997,10293.500000000011,6.009762863773463,8.475374998888531,historical_2opt
RouteID_d9dd3ff1-cefb-46ce-bd9c-5552856d1191,DSE4,140,11665.300000000001,11393.100000000002,10667.800000000001,2.3334162001834406,8.551001688769254,historical_2opt
RouteID_8ab9ae37-0bde-4545-849c-27d9c0e7c127,DSE4,109,8373.0,8095.599999999999,7951.200000000002,3.3130299773080205,5.037620924399837,historical_2opt
RouteID_0573f455-e78c-40e6-9cdf-8c1d7fb71693,DBO3,145,13763.099999999999,13613.699999999999,13208.100000000004,1.0855112583647555,4.03252174292125,historical_2opt
RouteID_56f4d009-518b-417d-8bc6-6ed63b64d3d3,DCH2,116,6920.600000000001,7418.0999999999985,6766.400000000002,-7.188683062162199,2.2281305089153958,historical_2opt
RouteID_de610bbd-71ff-44dd-bf29-1672234bda63,DBO3,152,10703.2,10502.9,10370.400000000007,1.8714029449136809,3.109350474624353,historical_2opt
RouteID_33a2375f-02cc-4bd3-bf8a-5463c1bcee16,DCH2,181,10945.899999999998,10880.799999999997,10508.199999999999,0.5947432371938386,3.998757525648864,historical_2opt
RouteID_1cef8c8c-cc49-4d87-8b62-a777b4189d1c,DLA7,166,10858.900000000003,10479.300000000001,10136.000000000011,3.4957500299293858,6.657212056469736,historical_2opt
RouteID_93d227e0-f1a1-4d39-926d-9ba62ed56147,DLA4,162,9986.199999999995,9877.400000000001,9207.699999999999,1.0895035148504322,7.795758146241781,historical_2opt
RouteID_03d55a14-2a10-4328-956b-428cee2ac6fe,DCH1,82,6465.800000000001,5692.4,5692.4,11.961396888242774,11.961396888242774,nn_2opt
RouteID_908fdcf1-bf69-4ded-ab52-1e60f39e1d0a,DSE5,137,9139.700000000004,8633.8,8617.500000000004,5.535192621202062,5.713535455211883,historical_2opt
RouteID_63e310c6-b523-41c0-a242-96de6573f711,DLA9,125,9988.200000000003,8765.099999999995,8117.400000000002,12.245449630564138,18.730101519793354,historical_2opt
RouteID_a2ef6aa7-7fc3-4905-884b-8dd943d3130a,DSE5,174,12082.900000000001,11477.399999999994,11366.2,5.011214195267752,5.931523061516694,historical_2opt
